cluster,rows_in_cluster,median_residual_alerted,p95_iforest_score,consensus_count,consensus_rate_pct
1,4169,9.2683179877779,0.0035670234876438484,74,1.78
2,621,0.0420805493040685,-0.0876670058404702,3,0.48
